<?xml version="1.0" encoding="UTF-8"?>
<project-private xmlns="http://www.netbeans.org/ns/project-private/1">
    <editor-bookmarks xmlns="http://www.netbeans.org/ns/editor-bookmarks/2" lastBookmarkId="0"/>
    <open-files xmlns="http://www.netbeans.org/ns/projectui-open-files/2">
        <group>
            <file>file:/C:/xampp/htdocs/faceflyy/resources/views/login.blade.php</file>
            <file>file:/C:/xampp/htdocs/faceflyy/app/Http/Controllers/LoginController.php</file>
            <file>file:/C:/xampp/htdocs/faceflyy/resources/views/register.blade.php</file>
            <file>file:/C:/xampp/htdocs/faceflyy/resources/views/flight-book.blade.php</file>
            <file>file:/C:/xampp/htdocs/faceflyy/resources/views/flight-detail.blade.php</file>
            <file>file:/C:/xampp/htdocs/faceflyy/resources/views/index.blade.php</file>
            <file>file:/C:/xampp/htdocs/faceflyy/resources/views/layouts/app.blade.php</file>
            <file>file:/C:/xampp/htdocs/faceflyy/app/Http/Controllers/FlightBookingController.php</file>
            <file>file:/C:/xampp/htdocs/faceflyy/routes/web.php</file>
        </group>
    </open-files>
</project-private>
